,director_count,number_of_movies,avg_rating
0,6,5,7.6
1,1,392,6.81887755102041
2,5,8,6.8125
3,3,57,6.787719298245612
4,2,218,6.774311926605502
5,4,19,6.584210526315789
